File #,Action Date,Title,Vote
210141,2/22/2021,"Ordinance amending the Administrative Code to limit residential evictions through June 30, 2021, unless the eviction is based on the non-payment of rent or is necessary due to violence-related issues or health and safety issues.",Aye
210141,2/22/2021,"Ordinance amending the Administrative Code to limit residential evictions through June 30, 2021, unless the eviction is based on the non-payment of rent or is necessary due to violence-related issues or health and safety issues.",Aye
210015,2/22/2021,"Ordinance amending the Building Code to implement expanded compliance control and consumer protection provisions for projects, individuals, agents, and entities with a history of significant violations; and affirming the Planning Department’s determination under the California Environmental Quality Act.",Aye
210015,2/22/2021,"Ordinance amending the Building Code to implement expanded compliance control and consumer protection provisions for projects, individuals, agents, and entities with a history of significant violations; and affirming the Planning Department’s determination under the California Environmental Quality Act.",Aye
201385,2/22/2021,"Ordinance amending the Planning Code and Zoning Map to rezone and reclassify a portion of the 542-550 Howard Street project site (Assessor’s Parcel Block No. 3721, Lot Nos. 016, 135, 136, and 138, also known as Transbay Parcel F) and as shown on Figure 1 of the Transit Center District Plan, specifically to rezone a portion of the project site from the split P (Public) District/C-3-O (SD) to the C-3-O (SD) Downtown Office Special Development District and to reclassify the height and bulk district designations for a portion of the project site; waiving certain provisions of the Planning Code to",Aye
201386,2/22/2021,"Ordinance approving a Development Agreement between the City and County of San Francisco and Parcel F Owner, LLC, for certain real property, known as 542-550 Howard Street (Assessor’s Parcel Block No. 3721, Lot Nos. 016, 135, 136, and 138, also known as Transbay Parcel F), located in the Transbay Redevelopment Project Area, consisting of four parcels located on the north side of Howard Street, between 1st and 2nd Streets; waiving certain provisions of Administrative Code, Chapter 56; adopting findings under the California Environmental Quality Act; and making findings of conformity with the Ge",Aye
201387,2/22/2021,"Resolution acting in its capacity as the legislative body to the Successor Agency to the former Redevelopment Agency of the City and County of San Francisco, approving provisions of a variation decision by the Commission on Community Investment and Infrastructure, modifying the on-site affordable housing requirement for 542-550 Howard Street (Assessor’s Parcel Block No. 3721, Lot Nos. 016, 135, 136, and 138, also known as Transbay Parcel F) in the Transbay Redevelopment Project Area; and adopting findings under the California Environmental Quality Act.",Aye
210043,2/22/2021,"Hearing to review the outcomes of the Safe Parking and Vehicular Triage Center, located at the Balboa Park Upper Yard, to highlight the successes of the Balboa Park Upper Yard site and to identify the steps necessary to expand the Safe Parking Program to other districts in San Francisco; and requesting the Department of Homelessness and Supportive Housing, Municipal Transportation Agency, Police Department, Department of Public Health, and Planning Department to report.",Aye
201175,2/8/2021,"Ordinance amending the Planning Code to correct and clarify Administrative and Planning Code amendments approved in Ordinance No. 296-18, which gave effect to the Central South of Market Area (SoMa) Plan, including provisions regarding transfer of development rights, privately owned public open space, renewable electricity, PDR (Production Distribution Repair) floor height, development impact fee deposits and uses, among others; to restore with modifications inadvertently deleted provisions regarding low-income affordable housing in the SALI (Service/Arts/Light Industrial) Zoning District; and",Aye
200231,2/8/2021,"Hearing to review the past, current, and future clean-up of toxins on Treasure Island dating back to 2013, and any protective measures to ensure there is no continuing risk to human health and the environment; and requesting the California Environmental Protection Agency, San Francisco Department of Public Health, Treasure Island Development Authority, and United States Department of the Navy to report.",Aye
201259,2/2/2021,"Ordinance appropriating $85,000,000 of the Series 2021A Earthquake Safety and Emergency Response General Obligation Bond proceeds to Public Works, the Public Utilities Commission, and the Recreation and Park Department in Fiscal Year (FY) 2020-2021 for upgrade, replacement, improvement, rehabilitation, and seismic strengthening of City-owned fire, police, emergency, and disaster response facilities, as well as improvements to the City's Emergency Firefighting Water System; and placing these funds on Controller's reserve pending sale of the bonds.",Aye
201314,2/2/2021,"Resolution approving the settlement of the unlitigated claim filed by Michelle Daniels against the City and County of San Francisco for $100,000; the claim was filed on September 22, 2018; the claim involves an employment dispute.",Aye
201313,2/2/2021,"Ordinance authorizing settlement of two consolidated lawsuits filed by Taira De Bernardi, Stephen Val Kirwan, Abdullah Wazwaz, Jason Moore, Kenneth Yeung, and Brian Kam, acting for themselves and others similarly situated, against the City and County of San Francisco for $503,506.33; the first lawsuit was filed on July 30, 2018, in United States District Court for the Northern District of California, Case No. 3:18-cv-04597, entitled Taira De Bernardi and Stephen Val Kirwan v. City and County of San Francisco; and the second lawsuit was filed on September 14, 2018, in United States District Cou",Aye
201332,2/2/2021,"Ordinance approving amendments to the Mission Bay South Redevelopment Plan to increase the square footage for mixed office, research and development, and light manufacturing uses within the Mission Bay South Redevelopment Plan Area, with such square footage to be allocated to Parcel 7 of Block 43 (also known as 1450 Owens Street), located within Zone A of the Mission Bay South Redevelopment Plan Area; increasing the maximum average floor area in the Plan Area to accommodate such increased square footage; making findings under the California Environmental Quality Act; and making findings of con",Aye
210002,2/2/2021,"Ordinance authorizing settlement of the lawsuit filed by Pacific Bell Telephone Company against the City and County of San Francisco for $72,036; the lawsuit was filed on November 25, 2019, in San Francisco Superior Court, Case No. CGC-19-581035; entitled Pacific Bell Telephone Company v. City and County of San Francisco; the lawsuit involves alleged property damage arising from flooding.",Aye
210003,2/2/2021,"Ordinance authorizing settlement of the lawsuit filed by Jane Doe against the City and County of San Francisco for payment of $100,000 by The Regents of The University of California to the City and County of San Francisco; the lawsuit was filed on April 22, 2016, in San Francisco Superior Court, Case No. CGC-16-551618; entitled Jane Doe v. The City and County of San Francisco, et al.; the lawsuit involves an alleged unauthorized disclosure of medical information.",Aye
210004,2/2/2021,"Ordinance authorizing settlement of the lawsuit filed by Sibyl Moore, Charlene Roberts, Antonio Rucker, and Thomas Anderson against the City and County of San Francisco for $1,200,000; the lawsuit was filed on June 28, 2019, in San Francisco Superior Court, Case No. CGC-19-577141; entitled Sibyl Moore, et al. v. City and County of San Francisco, et al.; the lawsuit involves the alleged wrongful death of Ruby Anderson, Plaintiffs’ mother, who was a resident of the Residential Care for the Elderly (RCFE) located at the San Francisco Behavioral Health Center (BHC).",Aye
210005,2/2/2021,"Resolution approving the settlement of the unlitigated claim filed by Special Situations Investing Group II, LLC against the City and County of San Francisco for $45,539; the claim was filed on July 27, 2020; the claim involves an alleged overpayment of real property transfer taxes.",Aye
210006,2/2/2021,"Resolution approving the settlement of the unlitigated claim filed by Chyna Miller against the City and County of San Francisco for $150,000; the claim was filed on October 8, 2018; the claim involves an allegation of civil rights violation by a Human Services Agency contractor; additional material terms of the settlement are that the contractor’s insurer will pay $450,000.",Aye
210085,2/2/2021,"Resolution urging the National Park Service to work with the community and stakeholders to establish an immediate interim activation for the Cliff House, consistent with its historic use, while the competitive process for a long-term tenant is underway, and to maintain and protect the integrity of the vacant buildings and surrounding area.",Aye
210086,2/2/2021,"Resolution urging the California Air Resources Board, state agencies, and state legislature to support electric vehicle adoption in municipalities across California by swiftly implementing the objectives set out by Governor Newsom's Executive Order N-79-20; increasing funding for clean transportation programs and subsidy programs for low-income buyers; developing a state and regional public electric vehicle charging network; and identifying funds to support the conversion to electric fleets by transit operators.",Aye
210091,2/2/2021,"Resolution supporting California State Senate Bill No. 221, introduced on January 14, 2021, by Senator Scott Wiener (SD-11), which would require health plans and insurers to provide patients with timely follow-up care for mental health issues and substance use disorders.",Aye
210092,2/2/2021,"Motion scheduling the Board of Supervisors to sit as a Committee of the Whole, acting in its capacity as the Successor Agency to the former Redevelopment Agency of the City and County of San Francisco, on March 2, 2021, at 3:00 p.m., to hold a public hearing to conditionally consent to the provisions of a variation decision by the Commission on Community Investment and Infrastructure, modifying the on-site affordable housing requirement for 542-550 Howard Street (Transbay Parcel F), Assessor’s Parcel Block No. 3721, Lot Nos. 016, 135, 136, and 138, consisting of four parcels located on the nor",Aye
201343,2/2/2021,Ordinance exempting from requirements of the Administrative Code and the Environment Code the Reimbursable Agreement between the San Francisco International Airport and the Federal Aviation Administration for services to commission a Ground Based Augmentation System at the Airport; and affirming the Planning Department’s determination under the California Environmental Quality Act.,Aye
210027,2/2/2021,"Ordinance appropriating $129,000,000 of Revenue Bond proceeds to the Municipal Transportation Agency for street and transit projects in Fiscal Year (FY) 2020-2021; and placing these funds on the Controller’s Reserve pending receipt of proceeds of indebtedness.",Aye
210034,2/2/2021,"Resolution authorizing the sale, issuance and execution of not to exceed $129,000,000 aggregate principal amount on a tax-exempt or taxable basis of revenue bonds by the Municipal Transportation Agency to provide funds to finance capital improvements for the Municipal Transportation Agency’s purposes, approving the form of certain financing documents including a bond purchase contract, the sixth supplement to indenture of trust, one or more escrow agreements, and a continuing disclosure certificate; authorizing the taking of appropriate actions in connection therewith, as defined herein, and r",Aye
201281,2/2/2021,"Resolution approving Amendment No. 2 to the agreement between the Regents of the University of California at San Francisco, Division of Substance Abuse Medicine, and the Department of Public Health for behavioral health narcotic addiction treatment services, to increase the agreement amount by $30,228,053 for a total amount not to exceed $44,226,998; and to extend the term by six years from July 1, 2021, for a total agreement term of July 1, 2018, through June 30, 2027.",Aye
201367,2/2/2021,"Resolution retroactively authorizing the Department of Public Health to accept and expend a grant increase in the amount of $43,173 for a total amount of $124,904 from the Centers for Disease Control and Prevention through the Regents of the University of California, San Francisco for participation in a program, entitled “Recent Infection Surveillance Consortium,” for the period of August 1, 2019, through September 29, 2021.",Aye
201348,2/2/2021,"Resolution approving Amendment No. 2 to the International Terminal Duty Free and Luxury Store Lease No. 17-0303 between DFS Group, L.P. and the City and County of San Francisco, acting by and through its Airport Commission, which continues the temporary modified percentage rent structure to 33% of sales through the earlier to occur of December 31, 2023, or the reinstatement of the minimum annual guarantee of $42,000,000 contingent upon completion of certain construction projects by December 31, 2021, with no change to the 14-year term, to commence upon approval by the Board of Supervisors.",Aye
201392,2/2/2021,"Resolution declaring the intent of the City and County of San Francisco (“City”) to reimburse certain expenditures from proceeds of future bonded indebtedness; authorizing the Director of the Mayor’s Office of Housing and Community Development (“Director”) to submit an application and related documents to the California Debt Limit Allocation Committee (“CDLAC”) to permit the issuance of residential mortgage revenue bonds in an aggregate principal amount not to exceed $90,000,000 for 1151 Fairfax Avenue and 112 Middle Point Road; authorizing and directing the Director to direct the Controller’s",Aye
201393,2/2/2021,"Resolution declaring the intent of the City and County of San Francisco (“City”) to reimburse certain expenditures from proceeds of future bonded indebtedness in an aggregate principal amount not to exceed $150,000,000; authorizing the Director of the Mayor’s Office of Housing and Community Development (“Director”) to submit an application and related documents to the California Debt Limit Allocation Committee (“CDLAC”) to permit the issuance of residential mortgage revenue bonds in an aggregate principal amount not to exceed $150,000,000 for 1801-25th Street (San Francisco, California 94107);",Aye
210033,2/2/2021,"Resolution declaring the intent of the City and County of San Francisco (“City”) to reimburse certain expenditures from proceeds of future bonded indebtedness in an aggregate principal amount not to exceed $108,000,000; authorizing the Director of the Mayor’s Office of Housing and Community Development (“Director”) to submit an application and related documents to the California Debt Limit Allocation Committee (“CDLAC”) to permit the issuance of residential mortgage revenue bonds in an aggregate principal amount not to exceed $108,000,000 for 1360-43rd Avenue (Shirley Chisholm Village); author",Aye
201394,2/2/2021,"Resolution retroactively approving a lease amendment between SFII 1390 Market St, LLC, as landlord, and the City, as tenant, for space occupied by the Department of Children, Youth and Their Families, at Fox Plaza, 1390 Market Street, at a base rent of $704,990 per year with annual rent increases of 3%, to extend the term of the Lease by five years, commencing December 1, 2020, through November 30, 2025, subject to earlier termination by the City; and authorizing the Director of Property to execute documents, make certain modifications and take certain actions in furtherance of the Amendment,",Aye
201398,2/2/2021,"Resolution retroactively authorizing the Police Department to accept and expend a grant in the amount of $185,424 from the California Commission on Peace Officer Standards and Training (POST) for the Distance Learning Grant Program, for the project period of October 15, 2020, through June 30, 2021.",Aye
201423,2/2/2021,"Resolution authorizing the Mayor’s Office of Housing and Community Development to expend SoMa Community Stabilization Fund dollars in the increased amount of $78,000 for a total amount of $378,000 to extend a grant supporting Trauma Informed Systems training and counseling for students, families, faculty and staff at Bessie Carmichael School; and amending a grant agreement with the University of California, San Francisco (UCSF) HEARTS Program to provide the specified services, to extend the grant term by one year for a total term of July 1, 2018, through June 30, 2021.",Aye
210008,2/2/2021,"Resolution approving an emergency declaration of the San Francisco Public Utilities Commission (SFPUC) pursuant to Administrative Code, Section 6.60, to replace and repair fences on SFPUC watershed land in Alameda watershed damaged by the SCU Lightning Complex Fire, with a total cost not to exceed $4,250,000.",Aye
201315,2/2/2021,"Resolution approving the settlement of the unlitigated claim filed by Levi’s Plaza TIC Trust against the City and County of San Francisco for $10,241,561.60 plus statutory interest; the claim was filed on July 2, 2020; the claim involves an alleged overpayment of real property transfer taxes.",Aye
201395,2/2/2021,"Resolution approving the official street names for certain unnamed streets, including Dr. Maya Angelou Lane and Toni Stone Crossing, located on San Francisco Port Commission property within the Seawall Lot 337 and Pier 48 Mixed-Use Project Area.",Aye
201396,2/2/2021,Resolution approving the official street names for certain unnamed streets located on Treasure Island and Yerba Buena Island based on historic references to the Islands and the San Francisco Golden Gate International Exposition of 1939 that was held on Treasure Island.,Aye
201400,2/2/2021,"Resolution initiating a landmark designation under Article 10 of the Planning Code for the San Francisco Eagle Bar, Assessor’s Parcel Block No. 3522, Lot No. 014, situated within the Leather and Lesbian, Gay, Bisexual, Transgender, Queer Cultural District.",Aye
210012,2/2/2021,"Motion approving the Mayor's nomination for appointment of Newsha Ajami to the Public Utilities Commission, for a term ending August 1, 2024.",Aye
210046,2/2/2021,"Motion appointing Alicia John-Baptiste (residency requirement waived), for indefinite term, to the Transbay Joint Powers Authority.",Aye
210046,2/2/2021,"Motion appointing Alicia John-Baptiste (residency requirement waived), for indefinite term, to the Transbay Joint Powers Authority.",Aye
210047,2/2/2021,"Motion appointing Angela Leung, term ending February 1, 2023, to the Park, Recreation and Open Space Advisory Committee.",Aye
210048,2/2/2021,"Motion appointing Bruce Wolfe, term ending April 27, 2021, and Kevin Frazier, Laura Stein, Matthew Yankee, Chris Hyland, Laurie Jones Neighbors, and Kai Forsley, terms ending April 27, 2022, to the Sunshine Ordinance Task Force.",Aye
210089,2/2/2021,"Resolution honoring Michael Krasny on the occasion of his retirement from nearly three decades of award-winning journalism as the host of KQED’s Forum; and proclaiming February 15, 2021, as “Michael Krasny Day” in the City and County of San Francisco.",Aye
210090,2/2/2021,"Resolution honoring San Francisco newsman, Joe Vazquez, on the occasion of his retirement from thirty-five years in broadcast journalism, with sixteen of those years at KPIX Channel 5.",Aye
210099,2/2/2021,"Resolution declaring February 1, 2021, through February 7, 2021, as National Gun Violence Survivor’s Week in the City and County of San Francisco.",Aye
210100,2/2/2021,"Resolution urging the Municipal Transportation Agency (MTA) to create a plan to expedite reinstating transit lines to pre-pandemic levels and develop post-COVID transit service with stakeholder and community input, and to prioritize community routes and bus routes that streamline access to equitably serve all neighborhoods within San Francisco.",Aye
210063,2/2/2021,"Closed Session for the Board of Supervisors to convene in closed session on February 2, 2021, pursuant to California Government Code, Section 54956.9(a), and San Francisco Administrative Code, Section 67.10(d)(1), for the purpose of conferring with, or receiving advice from, the City Attorney regarding the following existing litigation in which the City is a petitioner and Pacific Gas & Electric Company is an adverse party: In re: PG&E Corporation and Pacific Gas & Electric Company, United States Bankruptcy Court, Northern District of California, Case No. 19-30088-DM, filed January 29, 2019; F",Aye
210053,2/1/2021,"Emergency ordinance to temporarily restrict landlords from evicting residential tenants for non-payment of rent due to the COVID-19 pandemic; to prohibit landlords from imposing late fees, penalties, or similar charges on such tenants; and making findings as required by the California Tenant Protection Act of 2019.",Aye
210014,1/26/2021,"Ordinance appropriating $1,900,000 from the COVID Contingency Reserve in the Human Services Agency to provide assistance to restaurant and food service businesses in Chinatown in Fiscal Year (FY) 2020-2021; and authorizing the Controller to reduce appropriations and return funds to the COVID Contingency Reserve to the extent that State and/or Federal funds are available for reimbursement.",Aye
201188,1/26/2021,"Ordinance amending the Police Code to protect employees from adverse employment actions if they test positive for COVID-19, are isolating or quarantining, or have previously isolated or quarantined, due to COVID-19 symptoms or exposure, or are perceived to have COVID-19; to protect applicants from discrimination if they test positive for COVID-19, are isolating or quarantining, or have previously isolated or quarantined, due to COVID-19 symptoms or exposure; and to sunset an emergency ordinance creating similar protections.",Aye
201294,1/26/2021,"Resolution providing for the issuance of not to exceed $628,500,000 aggregate principal amount of City and County of San Francisco General Obligation Bonds (Earthquake Safety and Emergency Response, 2020); authorizing the issuance and sale of such bonds; providing for the levy of a tax to pay the principal and interest thereof; providing for the appointment of depositories and other agents for such bonds; providing for the establishment of accounts related thereto; adopting findings under the California Environmental Quality Act (“CEQA”), the CEQA Guidelines and San Francisco Administrative Co",Aye
201295,1/26/2021,"Resolution authorizing the issuance and sale of not to exceed $85,000,000 aggregate principal amount on a tax-exempt or taxable basis of City and County of San Francisco General Obligation Bonds (Earthquake Safety and Emergency Response, 2020), Series 2021A; prescribing the form and terms of such bonds and any subseries designation; providing for the appointment of depositories and other agents for such bonds; providing for the establishment of accounts and/or subaccounts related to such bonds; authorizing the sale of such bonds by competitive or negotiated sale; approving the forms of the Off",Aye
201259,1/26/2021,"Ordinance appropriating $85,000,000 of the Series 2021A Earthquake Safety and Emergency Response General Obligation Bond proceeds to Public Works, the Public Utilities Commission, and the Recreation and Park Department in Fiscal Year (FY) 2020-2021 for upgrade, replacement, improvement, rehabilitation, and seismic strengthening of City-owned fire, police, emergency, and disaster response facilities, as well as improvements to the City's Emergency Firefighting Water System; and placing these funds on Controller's reserve pending sale of the bonds.",Aye
201365,1/26/2021,"Resolution approving and authorizing the Director of the Mayor’s Office of Housing and Community Development to execute an Amended and Restated Loan Agreement with BRIDGE-Potrero Community Associates LLC, a California limited liability company, to increase the loan amount to $22,701,134 for a total loan amount not to exceed $29,141,134 to finance the second phase of infrastructure improvements and housing development related to the revitalization and master development of up to 1,700 units of replacement public housing, affordable housing and market rate housing, commonly known as the Potrero",Aye
201366,1/26/2021,"Resolution retroactively authorizing the Department of Public Health to accept and expend a grant in the amount of $1,996,144 from the Mental Health Services Oversight and Accountability Commission for participation in a program, entitled “Early Psychosis Intervention (EPI) Plus,"" for the period of September 1, 2020, through August 31, 2024.",Aye
201389,1/26/2021,"Resolution declaring the intent of the City and County of San Francisco (“City”) to reimburse certain expenditures from proceeds of future bonded indebtedness; authorizing the Director of the Mayor’s Office of Housing and Community Development (“Director”) to submit an application and related documents to the California Debt Limit Allocation Committee (“CDLAC”) to permit the issuance of residential mortgage revenue bonds in an aggregate principal amount not to exceed $40,000,000 for 78 Haight Street; authorizing and directing the Director to direct the Controller’s Office to hold in trust an a",Aye
201390,1/26/2021,"Resolution declaring the intent of the City and County of San Francisco (“City”) to reimburse certain expenditures from proceeds of future bonded indebtedness; authorizing the Director of the Mayor’s Office of Housing and Community Development (“Director”) to submit an application and related documents to the California Debt Limit Allocation Committee (“CDLAC”) to permit the issuance of residential mortgage revenue bonds in an aggregate principal amount not to exceed $50,000,000 for 180 Jones Street; authorizing and directing the Director to direct the Controller’s Office to hold in trust an a",Aye
201397,1/26/2021,"Resolution authorizing the sale, issuance and execution of not to exceed $185,000,000 aggregate principal amount on a tax-exempt or taxable basis of refunding revenue bonds by the Municipal Transportation Agency to refinance all or a portion of outstanding bonds, approving the form of certain financing documents including the bond purchase contract, the fifth supplement to indenture of trust, one or more escrow agreements, and a continuing disclosure certificate; authorizing the taking of appropriate actions in connection therewith; and related matters approving the forms of documents relating",Aye
201221,1/26/2021,"Resolution receiving and approving an annual report for the Civic Center Community Benefit District for Fiscal Year (FY) 2018-2019, submitted as required by the Property and Business Improvement District Law of 1994 (California Streets and Highways Code, Sections 36600, et seq.), Section 36650, and the District’s Management Agreement with the City, Section 3.4.",Aye
201222,1/26/2021,"Resolution receiving and approving an annual report for the Central Market Community Benefit District for Calendar Year (CY) 2018, submitted as required by the Property and Business Improvement District Law of 1994 (California Streets and Highways Code, Sections 36600, et seq.), Section 36650, and the District’s management agreement with the City, Section 3.4.",Aye
201223,1/26/2021,"Resolution receiving and approving an annual report for The East Cut Community Benefit District for Fiscal Year (FY) 2018-2019, submitted as required by the Property and Business Improvement District Law of 1994 (California Streets and Highways Code, Sections 36600, et seq.), Section 36650, and the District’s management agreement with the City, Section 3.4.",Aye
201372,1/26/2021,"Resolution urging the Office of Workforce and Economic Development (OWED) and Public Works to adopt a policy that Community Benefit Districts, Business Improvement Districts and Green Benefit Districts shall disclose all private contributions on an annual basis, cease accepting anonymous contributions, and disclose their use of surveillance technology to the Board of Supervisors at a public hearing.",Aye
201342,1/26/2021,"Motion appointing Jaya Padmanabhan (residency requirement waived), term ending April 27, 2021, to the Sunshine Ordinance Task Force.",Aye
210023,1/26/2021,"Motion reappointing Melyssa Mendoza, term ending November 19, 2022, to the Bicycle Advisory Committee.",Aye
210060,1/26/2021,"Motion confirming the Mayoral appointment of Carmen Chu as City Administrator, for a five-year term beginning February 1, 2021, pursuant to Charter, Section 3.104.",Aye
201332,1/26/2021,"Ordinance approving amendments to the Mission Bay South Redevelopment Plan to increase the square footage for mixed office, research and development, and light manufacturing uses within the Mission Bay South Redevelopment Plan Area, with such square footage to be allocated to Parcel 7 of Block 43 (also known as 1450 Owens Street), located within Zone A of the Mission Bay South Redevelopment Plan Area; increasing the maximum average floor area in the Plan Area to accommodate such increased square footage; making findings under the California Environmental Quality Act; and making findings of con",Aye
200777,1/26/2021,"Hearing of the Board of Supervisors sitting as a Committee of the Whole on January 26, 2021, at 3:00 p.m., for the Members of the Board of Supervisors to hear and receive updates on the progress and implementation status of the Unites States Department of Justice recommendations regarding reforms within the Police Department; scheduled pursuant to Motion No. M20-125, approved on September 15, 2020.",Aye
210037,1/26/2021,Resolution condemning recent vandalism of Cherry Blossom trees in Japantown and stating solidarity with the Japanese American community and commitment to ensure prompt rehabilitation and replacement of the Cherry Blossom trees.,Aye
210037,1/26/2021,Resolution condemning recent vandalism of Cherry Blossom trees in Japantown and stating solidarity with the Japanese American community and commitment to ensure prompt rehabilitation and replacement of the Cherry Blossom trees.,Aye
210040,1/26/2021,"Resolution urging all entities that provide COVID-19 vaccinations to San Francisco residents to report their vaccination data to the Department of Public Health, and urging the Department of Public Health to use any legal mechanism to obtain complete and accurate vaccination data from all vaccine providers.",Aye
210054,1/26/2021,"Resolution celebrating the life of Margo St. James and declaring February 14, 2021, as Margo St. James Day in the City and County of San Francisco.",Aye
210055,1/26/2021,"Resolution urging the Board of Supervisors to support Caravan for the Children: Uncage, ReUnify, and Heal / Caravana Por Los Niños: Liberar ReUnificar y Sanar, in their efforts to demand the Biden-Harris administration use executive action to undue cruel and destructive policies, and for the United States Congress to pass comprehensive immigration reform.",Aye
210056,1/26/2021,"Motion concurring in actions taken by the Mayor in the Thirty-Third Supplement to the Proclamation of Emergency to meet the ongoing local emergency related to the novel coronavirus COVID-19 pandemic by authorizing the City to borrow up to $6,000,000 in funds from deactivated Medical Reimbursement Accounts to make payments under the City’s Right to Recover Program to qualified individuals and their families to assist them with otherwise uncompensated COVID-19-related expenses.",Aye
210057,1/26/2021,"Motion amending the Rules of Order of the Board of Supervisors by amending Rule 3.31 to extend the Joint City, School District, and City College Select Committee until January 1, 2023; and authorizing the Clerk of the Board to update the Rules of Order when changes to the committee structure are made by the President of the Board of Supervisors during said term.",Aye
210062,1/26/2021,"Motion that the Board of Supervisors convene in closed session on February 2, 2021, pursuant to California Government Code, Section 54956.9(a), and San Francisco Administrative Code, Section 67.10(d)(1), for the purpose of conferring with, or receiving advice from, the City Attorney regarding the following existing litigation in which the City is a petitioner and Pacific Gas & Electric Company is an adverse party: In re: PG&E Corporation and Pacific Gas & Electric Company, United States Bankruptcy Court, Northern District of California, Case No. 19-30088-DM, filed January 29, 2019; Federal Ene",Aye
201395,1/25/2021,"Resolution approving the official street names for certain unnamed streets, including Dr. Maya Angelou Lane and Toni Stone Crossing, located on San Francisco Port Commission property within the Seawall Lot 337 and Pier 48 Mixed-Use Project Area.",Aye
201396,1/25/2021,Resolution approving the official street names for certain unnamed streets located on Treasure Island and Yerba Buena Island based on historic references to the Islands and the San Francisco Golden Gate International Exposition of 1939 that was held on Treasure Island.,Aye
201396,1/25/2021,Resolution approving the official street names for certain unnamed streets located on Treasure Island and Yerba Buena Island based on historic references to the Islands and the San Francisco Golden Gate International Exposition of 1939 that was held on Treasure Island.,Aye
201400,1/25/2021,"Resolution initiating a landmark designation under Article 10 of the Planning Code for the San Francisco Eagle Bar, Assessor’s Parcel Block No. 3522, Lot No. 014, situated within the Leather and Lesbian, Gay, Bisexual, Transgender, Queer Cultural District.",Aye
201298,1/12/2021,Resolution initiating a landmark designation under Article 10 of the Planning Code for the Jones-Thierbach Coffee Company Building at 447 Battery Street.,Aye
201404,1/12/2021,Resolution initiating a landmark designation under Article 10 of the Planning Code for the architecturally and historically significant building at One Montgomery Street.,Aye
201188,1/12/2021,"Ordinance amending the Police Code to protect employees from adverse employment actions if they test positive for COVID-19, are isolating or quarantining, or have previously isolated or quarantined, due to COVID-19 symptoms or exposure, or are perceived to have COVID-19; to protect applicants from discrimination if they test positive for COVID-19, are isolating or quarantining, or have previously isolated or quarantined, due to COVID-19 symptoms or exposure; and to sunset an emergency ordinance creating similar protections.",Aye
201287,1/12/2021,"Reenactment of emergency ordinance (Ordinance No. 104-20, as reenacted by Ordinance Nos. 159-20 and 231-20) temporarily creating a right to reemployment for certain employees laid off due to the COVID-19 pandemic if their employer seeks to fill the same position as, or a position substantially similar to, the position previously held by the laid-off employee.",Aye
201329,1/12/2021,"Reenactment of emergency ordinance (Ordinance No. 74-20, as reenacted by Ordinance Nos. 110-20, 156-20, and 230-20) to temporarily require grocery store, drug store, restaurant, and on-demand delivery service employers to provide health and scheduling protections to employees during the public health emergency related to COVID-19.",Aye
210017,1/12/2021,Resolution urging the California Regents to move consideration of the proposed University of California at San Francisco (UCSF) Parnassus Expansion Plan Environmental Impact Report (EIR) and Amendment to the 2014 Long Range Development Plan (LRDP) from their January 2021 meeting to their March 2021 meeting.,Aye
201370,1/12/2021,"Resolution imposing interim zoning controls for an 18-month period for parcels in Residential-Commercial Combined (RC), Residential - Mixed (RM) and Residential - Transit Oriented (RTO) districts, requiring Conditional Use Authorization for any residential development that does not maximize the number of units allowed by applicable density restrictions; affirming the Planning Department’s determination under the California Environmental Quality Act; and making findings of consistency with the General Plan, and the eight priority policies of Planning Code, Section, 101.1.",Aye
201370,1/12/2021,"Resolution imposing interim zoning controls for an 18-month period for parcels in Residential-Commercial Combined (RC), Residential - Mixed (RM) and Residential - Transit Oriented (RTO) districts, requiring Conditional Use Authorization for any residential development that does not maximize the number of units allowed by applicable density restrictions; affirming the Planning Department’s determination under the California Environmental Quality Act; and making findings of consistency with the General Plan, and the eight priority policies of Planning Code, Section, 101.1.",Aye
210016,1/12/2021,"Resolution initiating a landmark designation under Article 10 of the Planning Code for Diego Rivera’s fresco, titled “The Making of a Fresco Showing the Building of a City,” painted in 1931 and located at 800 Chestnut Street.",Aye
210016,1/12/2021,"Resolution initiating a landmark designation under Article 10 of the Planning Code for Diego Rivera’s fresco, titled “The Making of a Fresco Showing the Building of a City,” painted in 1931 and located at 800 Chestnut Street.",Aye
201379,1/12/2021,"Hearing of persons interested in or objecting to the decision of Public Works, dated December 7, 2020, disapproving a Tentative Map for a six unit condominium conversion at 424, 426, 428, 430, 432, and 434 Francisco Street, Assessor's Parcel Block No. 0041, Lot No. 010. (District 3) (Appellant: Scott Emblidge of Moscone Emblidge & Rubens, on behalf of the Owners of 424, 426, 428, 430, 432, and 434 Francisco Street) (Filed December 14, 2020)",Aye
201380,1/12/2021,"Motion approving the decision of Public Works and disapproving the Tentative Map for a six unit condominium conversion at 424, 426, 428, 430, 432, and 434 Francisco Street, Assessor's Parcel Block No. 0041, Lot No. 010.",Aye
201381,1/12/2021,"Motion conditionally disapproving the decision of Public Works and approving the Tentative Map for a six unit condominium conversion at 424, 426, 428, 430, 432, and 434 Francisco Street, Assessor's Parcel Block No. 0041, Lot No. 010, subject to the Board of Supervisors’ adoption of written findings in support of the disapproval.",Aye
201382,1/12/2021,"Motion directing the Clerk of the Board to prepare findings relating to the Board of Supervisors' decision to approve the Tentative Map for a six unit condominium conversion at 424, 426, 428, 430, 432, and 434 Francisco Street, Assessor's Parcel Block No. 0041, Lot No. 010.",Aye
201219,1/12/2021,"Ordinance amending the Campaign and Governmental Conduct Code to update the Conflict of Interest Code’s Form 700 (Statement of Economic Interests) filing requirements by adding, deleting, and changing titles of designated officials and employees to reflect organizational and staffing changes, and by refining disclosure requirements for designated officials and employees.",Aye
201260,1/12/2021,"Ordinance waiving certain license fees originally due on March 31, 2020, and March 31, 2021, business registration fees for the fiscal years beginning July 1, 2020, and July 1, 2021, and payroll expense taxes for the tax year beginning January 1, 2020, for businesses with no more than $20,000,000 in San Francisco gross receipts holding a place of entertainment permit; waiving certain license fees originally due on March 31, 2020, business registration fees for the fiscal year beginning July 1, 2020, and payroll expense taxes for the tax year beginning January 1, 2020, for businesses with no mo",Aye
201429,1/11/2021,Hearing on the Comprehensive Parnassus Heights Plan proposed by the University of California at San Francisco (UCSF) as well as the draft Memorandum of Understanding between UCSF and the City; and requesting the Planning Department to report.,Aye
210017,1/11/2021,Resolution urging the California Regents to move consideration of the proposed University of California at San Francisco (UCSF) Parnassus Expansion Plan Environmental Impact Report (EIR) and Amendment to the 2014 Long Range Development Plan (LRDP) from their January 2021 meeting to their March 2021 meeting.,Aye
210017,1/11/2021,Resolution urging the California Regents to move consideration of the proposed University of California at San Francisco (UCSF) Parnassus Expansion Plan Environmental Impact Report (EIR) and Amendment to the 2014 Long Range Development Plan (LRDP) from their January 2021 meeting to their March 2021 meeting.,Aye
210016,1/11/2021,"Resolution initiating a landmark designation under Article 10 of the Planning Code for Diego Rivera’s fresco, titled “The Making of a Fresco Showing the Building of a City,” painted in 1931 and located at 800 Chestnut Street.",Aye
201370,1/11/2021,"Resolution imposing interim zoning controls for an 18-month period for parcels in Residential-Commercial Combined (RC), Residential - Mixed (RM) and Residential - Transit Oriented (RTO) districts, requiring Conditional Use Authorization for any residential development that does not maximize the number of units allowed by applicable density restrictions; affirming the Planning Department’s determination under the California Environmental Quality Act; and making findings of consistency with the General Plan, and the eight priority policies of Planning Code, Section, 101.1.",Aye
201370,1/11/2021,"Resolution imposing interim zoning controls for an 18-month period for parcels in Residential-Commercial Combined (RC), Residential - Mixed (RM) and Residential - Transit Oriented (RTO) districts, requiring Conditional Use Authorization for any residential development that does not maximize the number of units allowed by applicable density restrictions; affirming the Planning Department’s determination under the California Environmental Quality Act; and making findings of consistency with the General Plan, and the eight priority policies of Planning Code, Section, 101.1.",Aye
